stop,count
MSTO2,32468
BVLH2,32765
BVLH3,64016
SVP2,56494
VFM3,89318
ACN1,58832
CONS2,60120
FG2,99733
MPL11,103344
MPL3,132010
5775,529045
5768,309131
5777,258359
NAT1,70931
CVI1,77034
HPRL1,75067
CI21,69767
PPR1,69098
LARZ,60573
STLZ1,60816
CVI6,61530
CSBV1,66807
MRS2,111678
BVCM3,203017
JM2,108531
DPV4,31891
SMAI2,27176
MCE2,65544
MON2,67069
ALFG2,68457
MRG2,76672
RBRI2,111275
RBR1,32136
CVI3,15527
CTS,18571
MLAM,14760
MPL2,48538
PSOC1,41327
COMB1,38557
PLIM1,33280
SVT3,33522
LW1,32284
CF1,28268
BRRS1,24762
STJ2,14636
CMS1,43089
BCM1,148245
AGM1,124424
APT1,74653
FG3,14198
CVLO2,26274
BJ1,30588
ACST2,11840
AVC1,10651
PREL4,15583
URBP1,14509
URBP3,17619
PREL1,36794
RM3,35376
JPAZ1,8906
VIS3,24143
VIS4,21354
VIS1,175626
IMTT2,149997
MPAZ7,144645
EZC2,147193
PRO2,148236
LDD2,109378
BFTM3,42421
PDVD5,31702
IGAL2,35267
PSOC2,63969
MPL4,80233
DCAS2,8784
RALG,67480
CAZ,38006
SCR4,30719
MAV1,105424
IANT3,45923
AANT1,41364
EDRG1,41012
CRJ1,116039
FSTO1,106199
FALC,53441
CRT2,54070
PREG,27313
CPTO,16040
5721,538771
5729,494504
5725,111687
SETB,22753
NSHP,14988
RAEP3,18999
PREC2,18114
AZC3,20831
HMGL5,15560
LDSM2,19280
MF1,12135
VLN1,12208
ALCF1,11866
AUL1,14219
SAL1,46214
OUTE3,52952
MLAR1,41648
5770,573639
PRSM1,51823
HSM1,47489
5726,1331816
5699,793137
5697,802199
C24A1,173422
BL4,168217
PRF1,77457
A25A1,75245
FVLH1,76658
EDRG3,74283
ANT1,40203
RC1,25787
VFM1,30998
VFM7,59201
CSP1,57790
ESCL,51265
SR1,13223
BRB3,6350
PNG1,13186
CPTO2,10020
BCM4,24478
BVBR1,17399
PPR2,41826
CI22,43599
CSBV,39544
SDP1,93018
RBSS1,28591
FRB,18191
CRM2,22862
BRCP1,38089
CSR1,44365
AUS,20809
CPL1,25944
LGCL1,24455
ACRD1,49082
BSS1,43657
FOCO1,56916
CART,103652
JB1,133405
LRD1,134051
PLM1,72511
FLUN1,62429
PG1,61652
PT3,92055
TRR3,53864
PCL1,47701
UC1,35963
MFZ1,43135
LIEG1,60761
ESR1,99030
UFP1,11743
BRCC1,23008
5766,477510
5778,321944
ACO1,10479
BS2,31373
PRG2,16266
PAL4,33114
HSA,33494
MLAM1,8892
CPR1,12473
HSM,21454
PRSM2,16166
GCRT2,17573
TRD5,64724
AAL1,147729
SBNT2,18187
LPDZ,48792
5712,535644
5703,300935
5708,284283
5707,222869
5717,64016
5718,32439
CVI2,52546
QTAM2,54402
ELVG1,19638
BCM2,239688
GRC1,116674
OLM,23997
MRR2,27877
MTCV,41780
GND2,12069
ALM2,8514
1BS8,28692
BS1,100179
BVCT1,54309
CZV3,16841
RA1,19306
ILH2,57776
LIMA1,6835
PINM1,56672
GC11,26162
FG1,126202
AQL1,42859
MAV2,85961
SCR1,61327
CTP,39974
PISC,42822
BSB,41693
BCG,44452
MRR1,21668
SRV3,30647
PNV2,33963
FTM4,28346
FTM5,22600
ABVT1,80168
1SBNT2,140737
MS2,149996
RBRI1,141995
MRG1,110976
ALFG1,108965
MFB2,113613
BTLH5,22970
HER2,232275
PRDR1,128145
PRDR2,103251
HER1,101532
CSS2,95675
CMP4,91346
NDA1,101995
EDP1,101206
FRX3,60071
RSH,63772
SCRP5,89741
CORD7,29950
SLZ3,32973
ANTG1,69253
BFTM1,19406
ARNH1,6179
JAE1,6230
VRD1,5753
FRNS1,5941
CMS4,478
IANT4,61126
DC2,26355
SVT1,23277
VDAM1,27133
LGO2,22552
PRCD3,2031
NEV2,1300
MAL2,5314
CZV1,78226
FOCO3,80390
BSS6,28248
CRTO3,60457
MLH5,62618
NEVG1,26258
SRV1,23823
JBR1,27259
ABSS1,61198
SJBC1,58498
PSG,11603
CNTM,65898
CRT1,43610
BMAF1,38047
SRC1,41875
CNTM2,89580
STCT,48696
TPR,49665
ASZE1,32646
LGO4,70575
RCRT2,36983
LNEV2,29310
JBR2,30875
SRVM4,23539
FTC2,42164
BFB,29041
FZIN1,1397
SJB1,67576
ABM1,28926
FRX2,16659
BNJ2,17137
LGT4,15379
BCP2,10598
PNG2,8401
NVT,34937
CMS5,1568
CZV2,57829
SI1,10264
AL7,9363
SBNT,37561
CMPT1,33540
INSA1,31971
BPTL1,39839
DJ32,8449
DQL1,23887
ALXH3,30518
ALX1,45170
MARB,17149
JRC1,35816
PFOZ1,44909
LME1,47780
PAL5,7632
HSA1,43086
CORD3,8510
FCUP2,162334
AALB,15147
DJ31,16881
BTLH6,24682
SLZ1,29030
1AL5,7425
5724,88934
5727,88934
5709,88934
5720,89076
5719,79908
5701,79908
5715,79908
5700,79908
5716,79908
MATM2,32331
SP2,32331
LOTA2,32331
GODH6,32331
MTSP2,32331
SAR2,32560
PCID2,32560
ETRP2,33812
CQ8,33812
TIM2,30774
PCV2,29350
FCH2,28461
VNFZ2,3802
IPRN1,45151
ISEP3,44987
ISEP1,66007
IB3,61313
CORD2,24361
BBL,27846
DT2,15130
IRM2,26482
ADA4,53085
CI31,50410
CVI4,65190
HPRL3,12628
COMB3,29521
DC4,27514
BS8,34199
PRG4,63747
BFAL1,47304
BTLH1,33736
QTI,8736
REAL1,6640
TVLR1,8630
VLRA4,5319
ALD2,14914
PFMA2,18317
TXP1,61427
DAM,24555
PLUZ1,13908
PGON1,11141
BFAL2,43192
CHOL2,96902
PVC1,15312
PRI1,15641
PCRJ1,19387
JFC,13458
VFM6,34051
CNTT2,34564
HSM4,31325
SCRP6,44930
ESR2,49243
CRJ2,105453
EDRG4,11768
FVLH2,14160
CREI2,31122
SJB2,77571
PINM6,50168
FTM1,110218
BRV1,97200
DTR,37373
RFAR1,8633
MCAM3,28910
ICAM1,20231
QBNJ2,21832
SP3,63895
MERL,60603
VML,60663
LGT1,58386
AZV1,22784
C24A2,28848
BFM2,24023
GDM1,16250
BFM8,8941
JM1,69592
GGT3,3342
HML2,17000
ICDF1,32213
CDF2,5440
TRH3,4973
MFZ2,52478
TVA1,19522
GGT1,64438
PRDJ2,3312
BLFZ1,12349
SRGB1,42941
BRP1,22635
BRV3,18130
BRV4,24818
FMAG,15126
FTC1,28079
BCNT,36413
PLNT1,66172
STC1,27544
FLU4,47325
FLU2,96227
DL2,50972
CNT2,54684
IFOZ1,50332
PASS3,45142
SRLZ1,53837
PING1,51020
PREL5,10873
MLAM3,10160
CTS3,10320
LUG2,13471
PRCD1,20750
PGM1,34866
BARO1,31431
5714,3201
5722,3201
PCNS,3201
CSRT3,3201
DCS3,3198
SCAL1,3198
SCAL2,3198
SCT4,3198
MEIR,3265
SR4,10292
FCH1,39377
HMLM3,46772
NEVG,22140
SR2,1907
ESS1,3568
PUNV,4279
FEP2,14951
FEUP1,16091
FEUP2,6041
FEP1,6053
CPRN4,8661
CRM1,20568
BRRM1,6928
IRM1,17887
REV1,12541
LDDM1,9769
CSA3,15817
PQC1,2070
STJ1,19510
5776,145340
HMLM2,2268
BRA4,61127
CPSF2,23284
CQ3,4738
MIS3,54274
MIS4,14076
BRA5,23635
ISEP4,18887
ALVT2,6859
ABSS2,30162
RBSS2,55091
PBSS1,3278
AAL4,57436
MCBL2,14402
SCAT1,27655
PDR,28529
MCE1,23621
BIC1,5612
CMO,132523
DL5,15624
CNT3,13813
PASS,11603
AA1,6516
ARS2,3865
PRFL1,66499
1AL2,20352
PRFL,50373
GGF,10657
5772,132100
5791,129238
HSJ1,18063
ASP3,27702
ENX1,27934
PJUV1,30713
TRD2,6482
GGF1,114022
SRPT1,11126
MTB2,4690
CNG2,5343
BRSE2,5961
ARS4,12160
VRZL1,16026
TRH2,15199
MATR,9176
MGB2,11627
RBD1,11488
RAEP2,6719
RUL1,7954
MATR2,5649
RNH1,10374
JAZ1,8293
SETB1,5349
SRP3,1530
RSR3,1530
RSR4,1556
SRP4,1556
CIRC5,3058
JAZ2,9277
CAM1,43543
TLHR1,14987
BLG1,13959
PARR2,3423
ST3,56206
RGSM1,14525
IGAL1,52321
CRRP2,64715
HSA5,88442
CMP1,9464
PBSS2,105393
PCC1,8527
IPO4,77710
HSJ7,867
HSJ11,10399
AML1,7996
TLHO1,1783
ESED1,10848
HSJ12,12720
IPO5,20740
1DBR1,14355
1MGB1,13186
C24A3,101369
DJOA4,42906
RFZ1,10735
LPC,16818
TEC,15728
FCA,18127
PGON2,5567
PING3,16217
PORI4,12954
PRG6,26962
TBNJ2,24863
PINC2,23281
MTT2,26234
MOR3,26003
MRD,30579
5713,836492
STC2,29415
ALX2,29953
LRD2,131088
CRTO1,5759
FTNH2,8932
BLRB3,1461
GCRT,9298
ESCN1,7405
MOR1,9986
STP1,8505
PRG3,7597
CALE,31010
CDF1,8950
PRR7,8846
JN4,14659
BS6,3318
BS9,3264
GONS1,3330
BRRG2,22686
PFMA1,2604
AZV3,7053
BLGT1,6042
JN3,15492
PAST1,23265
FLUN3,20351
PNG3,6379
LIEG2,33931
DIU1,27015
BRRG1,29788
ISEP2,15981
AVTE2,11898
GRJ,101754
TRH1,21262
CVA2,23206
GCRT1,36386
PRR1,9109
FIG,10348
LGTN2,10565
PQO2,7413
CPSF1,28445
BRA1,15651
MPAZ6,5335
MPAZ2,6987
PLNT2,84285
PFOZ2,27004
JRC3,19127
LGT2,59600
RAZ,58710
ALFK2,31944
QSEC2,1405
HSPH2,1405
AZC2,1596
RAEP4,3316
ROTA2,16352
STLZ5,6645
CTS1,10320
BCM5,6357
BS5,3107
LGCL2,30199
CPL,28115
LAPA2,34757
CMIC2,35983
BARO2,24833
PRR5,34922
BS7,1112
HSJ3,33539
RCA,12073
CSC,15204
PAL6,20617
EQ4,21734
IGRM2,27764
PTDM2,3571
SBNT3,140814
SDB5,13145
VENZ2,28337
AL3,11346
PDR4,24661
JD1,1430
AREI,1430
MCE3,92786
ENCO1,1685
OURO1,3585
AAL2,6881
CRVH2,3826
5706,786724
5704,842616
MOR2,8919
BL2,69581
NAVE2,68904
DSS,19444
TLHR2,56049
PQO1,6663
BJ3,5985
CVLO,15491
5711,636451
SR6,3876
SR5,3221
FBC2,3339
RCON,47083
VIS5,392337
ANTG2,73594
CSR2,51480
BRCP2,43490
ANT2,46561
SAL3,18499
MPL7,72635
CONS3,88838
CI32,49449
ADA2,27549
RPM2,30697
JPAZ2,33277
RM4,30348
PREL2,41295
CPR2,12010
MLAM2,7368
CMIC1,50953
QTAM1,73361
URBP4,10604
URBP2,9966
VFM2,71517
SVP1,38442
BVLH1,37564
SAL2,45942
AUL2,11534
MON3,79892
MPL9,57845
CRT,52115
CAIS1,78842
BIC3,88875
PARR3,88705
ENCO3,88367
OURO3,87126
BRV2,62972
FTM2,69149
PAL2,63380
FCUP1,62611
MLH3,43611
JNN2,42138
CRTO4,42919
CVA1,15641
HML1,14568
BVBR2,15244
CMS6,15863
CMS2,14001
SP,32897
RA2,34483
HSM2,8671
AVC2,8665
TPT2,6020
TPT3,4373
SRGB3,7700
SDP2,61709
PNV3,10500
SRV4,6155
DC5,24408
COMB4,25885
LIMA2,5793
MPL1,69169
CONS1,47521
CVLO1,41241
CTS2,8231
BLM,28622
MCBL,31571
PRDJ,51275
TRD6,8412
MAL3,3742
ARS5,23501
ENX2,28170
ASP4,29959
ST4,6835
IB2,8834
BCP1,14966
LGT3,21931
BLGT2,6884
AZV2,8110
PRF2,8907
EIR3,17260
ESCL2,2204
SPTO1,10064
AVF2,9108
PRCD2,17659
BNJ1,82247
EDRG2,93417
AANT5,1630
NAT2,65585
SVT4,35069
PLIM2,37695
COMB2,42584
LGO3,16695
ABVT2,102327
UFP2,7141
SRC2,46021
PAL3,23913
ST2,13830
AML3,14146
CPU2,3752
VNC2,2693
CMP5,21404
MON1,19722
IGRM1,8134
TLHR3,10051
BRRM2,6271
HSJ10,25162
TRD1,44107
SMAI1,24524
PRG1,74231
BPTL2,26048
MLH2,1078
CRTO2,1075
ARS3,1866
AA2,4345
ACO2,10589
STLN1,4586
PRI4,17886
ESCN2,8678
ASP2,9803
PRR3,21037
GCRT3,6263
AZ,8073
BS10,1904
LAPA1,18831
TPT1,259
TMEI1,259
AAS1,259
VNEM1,259
MRDR1,259
PCAR1,259
CORD4,14745
PRDJ1,14455
EQ3,5285
DPV3,30466
SI2,12410
BRB4,2775
PRO1,191530
EZC1,192032
MPAZ5,191188
IMTT1,193418
MATR1,13204
BSS2,37623
ACRD2,42430
AQL2,41100
HSM3,16120
SJBC2,26656
BLRB2,8666
BLRB1,4948
GGT2,84449
TIM1,46999
SOCR,12422
HMGL2,15677
LDD6,18441
LDD9,2922
ALD1,8806
VLRA3,459
AANT2,38527
PREC1,13641
SRP1,6537
BRVS,9230
RSR1,8744
AV1,7687
QTL1,7352
BRSE1,12178
ARS8,10181
RGSM2,12022
FEL1,9071
FEL2,9051
TARR2,9051
PASS4,14163
IFOZ2,24716
PRSM3,5285
PORI2,940
PASS1,940
INSA2,17625
CONT,195
AZC1,195
CNG1,11803
AGM2,142224
FLU3,36220
CRVH1,37152
OURO2,39501
PDVD3,58578
BFTM4,58987
LDD1,160926
HPRL4,8633
PVC2,19137
LDSM1,10558
PINM3,33043
BRP2,25217
ABM2,33785
UC2,40506
PCL2,55804
IPRN2,30585
CMPT2,18263
PT2,84788
PJUV2,10944
PGM2,13694
FLU1,16635
CQ5,50932
PCID3,50561
PCID4,1252
MLH1,5516
LDDM,8769
REV2,9858
BFTM2,15535
CPL2,9190
MTB1,10407
VNC1,10193
CPU1,12025
AML2,22314
ST1,25389
CNT1,35825
PG2,76957
FLUN2,80478
PLM2,103255
BRBQ1,231
ACAR,231
ESGZ1,235
DNAP3,229
CRV1,229
AFHQ3,229
ACD3,229
MTSP1,47806
BRCC2,22735
IPO2,2467
CSJ4,2657
OUTE4,36813
CZV4,33829
STLZ2,30612
BRRS2,23258
CF2,28279
LW2,33168
PQN1,8852
VLC1,10463
FBC1,9367
EQ5,2481
TRD4,2619
BLG2,11754
1HSJ2,86
HSJ6,1764
MCBL3,3654
ESED2,1745
QTL2,4075
AV2,4112
CAM3,44400
MLAR2,22234
STJ4,14594
STJ3,15271
ESGZ2,6
PREA2,6
DAFC2,2670
DAH2,2670
PQC2,4167
AVTE1,36298
ADA3,28720
ARSM3,830
ARSF3,830
ARSF4,850
ARSM2,850
HPRL2,45252
CORD1,400
1AL6,12545
HSJ2,69440
CVI5,13106
FTNH1,9890
CSP2,31213
FRNS2,3229
VRD2,4103
HSJ9,5965
ELVG2,27679
RBR2,30098
MS1,126793
1SBNT,129652
SRVM5,5598
JAE2,5099
ARNH2,7614
EDP2,93734
PAL7,4641
VTO4,6051
CMO1,7693
NDA2,94139
HSA6,286
CORD5,3334
CREI1,48730
LGO5,92337
LNEV1,33362
INF1,8647
DCAS1,10115
BCM3,6771
C24A5,20851
BL1,6330
GND1,16419
C24A4,22833
ALM1,12123
ICAM2,16234
MCAM2,26721
PBSS4,1917
PCC2,4164
LGTN1,7525
CPTO1,21382
PREG1,22546
VLC2,6090
PQN2,5933
RNH2,6832
CMP2,95064
ALFG5,7446
RCRT1,41304
ESPL1,8712
QSPL1,8706
JMRR1,8706
GENT2,8706
5771,8706
5773,8706
ESPL2,6
DQL,1951
CSS3,117096
PTDM1,6150
PRF4,12735
BFM4,23079
RBD2,7223
VRZL2,13208
EQ6,4128
JB2,131295
SRV2,22724
GC12,24904
ENCO2,39472
PARR1,41117
BIC2,43576
TVLR2,4085
TRR4,64961
DL1,34603
PCID1,47577
SAR1,47577
AVM1,47577
GODH5,47577
LOTA1,47577
SP1,47577
MATM1,47577
REAL2,3278
ARSR1,12422
MCE4,4387
FRX4,67718
RCP2,31
SR3,40
PSG1,10332
BLRB4,1866
RSR2,3916
SRP2,3724
RUL2,4078
MTB3,26
CSXS1,26
FGT1,26
CSXN1,26
PLG1,26
FGTR2,26
STA2,26
AP2,26
RNSG2,26
QCM1,26
QCM4,26
PDVD4,6496
BS4,2
VNFZ1,4778
SRPT2,7822
RAEP1,144
HSPH1,4
QSEC1,4
PREA1,4
NEV3,525
PRCD4,1147
TVA2,19695
AZV,22882
AAL5,102
CAIS2,3613
MON4,3611
RCP1,1327
AREI2,1623
JD4,1623
PNG4,6540
RUL3,7765
DAH1,938
DAFC1,938
CSRT4,3
IGRT2,3
IGRT3,3
LEV2,3
CTN2,3
ENV2,3
ARS7,1
TRD3,497
MPAZ1,2272
EFRD1,2272
HSJ4,4
AML4,4369
HSJ5,108
ASPL1,1430
GONS2,3876
PCAR2,67
MRDR2,67
VNEM2,67
AAS2,67
SCT2,67
VIS2,1654
MTB4,649
ART5,20
SCAB1,20
JFPD1,20
LCMS1,20
HUMB1,20
HUMB2,20
HSJ8,75
